NO,R,G,B,KODE,NAMA
1,133,54,67,#853643,Wine Sensation
2,114,47,46,#722f2e,Intense Maroon
3,134,42,46,#862a2e,Crimson Sunbird
4,152,67,86,#984356,Radical Raspberry
5,153,40,44,#99282c,Rapture
6,163,46,57,#a32e39,Chinese Sensation
7,193,109,126,#c16d7e,Arbor Rose
8,194,63,75,#c23f4b,Hot Hibiscus
9,190,91,89,#be5b59,Marvelous Coral
10,224,137,156,#e0899c,Destiny
11,219,118,128,#db7680,Cheery Cherry
12,222,142,137,#de8e89,Coral Beach
13,236,184,190,#ecb8be,Fantastic Rose
14,244,166,168,#f4a6a8,Pink Revelation
15,238,161,151,#eea197,Bay Coral
16,230,206,208,#e6ced0,Cerise Feel
17,246,206,205,#f9cecd,Dollhouse Pink
18,246,214,207,#f6d6cf,Beauty Behaviour
19,221,123,89,#dd7b59,Cinnabar
20,37,150,190,#2596be,Burn Furnance
21,204,111,39,#cc6f27,Lily Polen
22,200,134,38,#c88626,Coperleaf
23,211,83,56,#d35338,Flame Gril
24,221,136,58,#dd883a,Harvest Glory
25,227,153,49,#e39931,winter squash
26,221,123,89,#dd7b59,cinnabar
27,230,169,111,#e6a96f,country cary
28,254,169,58,#fea93a,gas flame
29,244,164,129,#f4a481,peach punch
30,238,191,139,#eebf8b,caramel cookie
31,253,186,97,#fdba61,tropical mango
32,243,192,169,#f3c0a9,sensational salmon
33,246,206,162,#f6cea2,clever clay
34,253,210,155,#fdd29b,northen sunrise
35,242,212,194,#f2d4c2,pink peach
36,246,224,201,#f6e0c9,caramel hint 
37,221,156,44,#dd9c2c,Rich Brocade
38,219,160,0,#dba000,Indian Saffron
39,195,158,75,#c39e4b,Mustard Oil
40,248,175,28,#f8af1c,Golden Sun
41,245,183,0,#f5b700,Elegant Easter
42,215,180,104,#d7b468,Triple Crown
43,255,207,110,#ffcf6e,Dazzling Dunes
44,249,193,59,#f9c13b,Sublime Solar
45,230,199,128,#e6c780,Victorian Yellow
46,251,211,136,#fbd388,Glow Delight
47,246,207,108,#f6cf6c,Esential Yellow
48,232,232,232,#e8cc8d,Portuguese Sonnet
49,254,223,161,#fedfa1,Summertime Sentinent
50,254,224,137,#fee089,Sunrise Lift
51,242,220,170,#f2dcaa,May Yellow
52,250,235,209,#faebd1,Space Sensation
53,251,229,173,#fbe5ad,Celestial Sun
54,240,225,191,#f0e1bf,Boston Cream
55,176,153,63,#b0993f,Chrome Primrose
56,196,169,27,#c4a91b,Shasta
57,224,186,37,#e0ba25,Shulpur Burst
58,243,209,91,#f3d15b,Electric Avenue
59,239,216,134,#efd886,Rich Yellow
60,241,228,184,#f1e4b8,Yellow Kiwi
61,136,140,41,#888c29,Leperchaun Leap
62,164,169,58,#a4a93a,Tennis Lawn
63,185,187,88,#b9bb58,English Apple
64,204,196,90,#ccc45a,Fantasy Garden
65,224,221,144,#e0dd90,Grecian Green
66,232,229,174,#e8e5ae,Lime Twist
67,119,123,91,#777b5b,Guild Green
68,131,138,101,#838a65,Cabin Green
69,163,172,116,#a3ac74,Precious Jasper
70,190,193,152,#bec198,Mountain Hike
71,213,214,181,#d5d6b5,Juicy Pear
72,230,234,203,#e6eacb,Meadow Mist
73,82,113,67,#527143,Splendor
74,50,88,61,#32583d,Everglade Song
75,25,86,62,#19563e,Forest Green
76,100,134,55,#648637,Market Green
77,52,121,77,#34794d,Amazon Leaf
78,35,142,82,#238e52,Treehouse
79,149,169,105,#95a969,Tranquil Orchard
80,126,177,126,#7eb17e,Graasroots
81,87,169,114,#57a972,Grand Highland
82,170,192,137,#aac089,Caledon Hills
83,165,206,167,#a5cea7,Jade Sensation
84,147,193,161,#93c1a1,Pixie Palace
85,191,209,163,#bfd1a3,Miami Grasa
86,186,217,184,#bad9b8,French Green
87,190,218,196,#bedac4,Victoria Green
88,210,224,187,#d2e0bb,Venetian Glass
89,204,227,201,#cce3c9,Marine Glow
90,208,228,210,#d0e4d2,Grasshopper Spring
91,28,71,65,#1c4741,Dragon Feel
92,0,70,65,#004641,Energizing Emerald
93,0,104,114,#006872,Intense Caribbean
94,81,115,103,#517367,Soft Fauna
95,0,112,103,#007067,Zodiac Night
96,0,152,164,#0098a4,Marine Miracle
97,100,144,122,#64907a,Pea Wall
98,0,140,134,#008c86,Deep Pool
99,99,179,185,#63b3b9,Vista Marine
100,140,172,155,#8cac9b,Trinidad
101,109,176,172,#6db0ac,Crystal Sensation
102,142,204,208,#90ccd0,Bonar Blue
103,175,195,185,#afc3b9,Forest Flush
104,161,204,202,#a1ccca,Aqua Chintz
105,172,214,216,#acd6d8,Lake Blue
106,205,216,205,#cdd8cd,Musk Scene
107,195,227,223,#c3e3df,Aqua Tint
108,198,225,225,#c6e1e1,Summer Showers
109,20,103,119,#146777,Middy Blue
110,37,72,92,#25485c,Arctic Night
111,39,76,104,#274c68,Mediterranean Blue
112,51,129,147,#338193,West Pointe Blue
113,0,84,118,#005476,Blue Bolt
114,29,86,124,#1d567c,Deckchair Stripe
115,81,155,172,#519bad,The Blues
116,69,118,151,#457697,Icelandic Waters
117,68,106,139,#446a8b,Condor Blues
118,131,184,197,#83b8c5,Michigan Lakes
119,103,160,193,#67a0c1,Blue Moment
120,103,144,179,#6790b3,Dream Spiral
121,176,211,219,#b0d3db,Glistening Sea
122,127,183,214,#7fb7d6,Water Rush
123,155,182,209,#9bb6d1,Virtuoso
124,197,228,233,#c5e4e9,Denim Fantasy
125,177,210,230,#b1d2e6,Celestial
126,194,208,223,#c2d0df,Blue Silk
127,51,61,107,#333d6b,Twilight Zone
128,84,104,148,#546894,Powerfull Plum
129,137,152,188,#8998bc,Basin Street Blue
130,166,175,200,#a6afc8,Fairy Dust
131,194,199,214,#c2c7d6,Winters Poet
132,207,215,227,#cfd7e3,Lavender Morning
133,85,69,94,#55455e,Purple Haze
134,98,75,110,#624b6e,California Raisin
135,134,112,145,#867091,Grape Surprise
136,164,147,172,#a493ac,Vineyard Passage
137,198,185,202,#c6b9ca,Sensual Senses
138,216,208,217,#d8d0d9,Evening Aperitif
139,60,58,72,#3c3a48,Blackforest Gateau
140,88,85,104,#585568,Midnight Glow
141,111,108,129,#6f6c81,Pinot Noir
142,154,149,166,#9a95a6,Magical Twilight
143,190,185,197,#beb9c5,Silver Night
144,209,209,214,#d1d1d6,Vogue Violet